{
  "valid": {
    "split": "valid",
    "accuracy": 0.9155092592592593,
    "precision": 0.9464285714285714,
    "recall": 0.8770685579196218,
    "f1": 0.9104294478527607,
    "confusion_matrix": [
      [
        840,
        42
      ],
      [
        104,
        742
      ]
    ],
    "classification_report": {
      "human": {
        "precision": 0.8898305084745762,
        "recall": 0.9523809523809523,
        "f1-score": 0.9200438116100766,
        "support": 882.0
      },
      "llm": {
        "precision": 0.9464285714285714,
        "recall": 0.8770685579196218,
        "f1-score": 0.9104294478527607,
        "support": 846.0
      },
      "accuracy": 0.9155092592592593,
      "macro avg": {
        "precision": 0.9181295399515739,
        "recall": 0.9147247551502871,
        "f1-score": 0.9152366297314187,
        "support": 1728.0
      },
      "weighted avg": {
        "precision": 0.9175399767958031,
        "recall": 0.9155092592592593,
        "f1-score": 0.9153367793538907,
        "support": 1728.0
      }
    },
    "roc_auc": 0.9698930005414301
  },
  "internal_test": {
    "split": "internal_test",
    "accuracy": 0.9087232813402657,
    "precision": 0.9388535031847134,
    "recall": 0.8701298701298701,
    "f1": 0.9031862745098039,
    "confusion_matrix": [
      [
        836,
        48
      ],
      [
        110,
        737
      ]
    ],
    "classification_report": {
      "human": {
        "precision": 0.8837209302325582,
        "recall": 0.9457013574660633,
        "f1-score": 0.9136612021857924,
        "support": 884.0
      },
      "llm": {
        "precision": 0.9388535031847134,
        "recall": 0.8701298701298701,
        "f1-score": 0.9031862745098039,
        "support": 847.0
      },
      "accuracy": 0.9087232813402657,
      "macro avg": {
        "precision": 0.9112872167086358,
        "recall": 0.9079156137979667,
        "f1-score": 0.9084237383477982,
        "support": 1731.0
      },
      "weighted avg": {
        "precision": 0.9106979893258427,
        "recall": 0.9087232813402657,
        "f1-score": 0.9085356887591245,
        "support": 1731.0
      }
    },
    "roc_auc": 0.9658643495541892
  }
}